{
  "hash": "af47af8b",
  "configHash": "c8adb918",
  "lockfileHash": "ea3a6719",
  "browserHash": "86cd7307",
  "optimized": {
    "@angular/common": {
      "src": "../../../../../node_modules/@angular/common/fesm2022/common.mjs",
      "file": "@angular_common.js",
      "fileHash": "33b6f340",
      "needsInterop": false
    },
    "@angular/common/http": {
      "src": "../../../../../node_modules/@angular/common/fesm2022/http.mjs",
      "file": "@angular_common_http.js",
      "fileHash": "052c2578",
      "needsInterop": false
    },
    "@angular/core": {
      "src": "../../../../../node_modules/@angular/core/fesm2022/core.mjs",
      "file": "@angular_core.js",
      "fileHash": "7394d04f",
      "needsInterop": false
    },
    "@angular/platform-browser": {
      "src": "../../../../../node_modules/@angular/platform-browser/fesm2022/platform-browser.mjs",
      "file": "@angular_platform-browser.js",
      "fileHash": "325a4446",
      "needsInterop": false
    },
    "@angular/router": {
      "src": "../../../../../node_modules/@angular/router/fesm2022/router.mjs",
      "file": "@angular_router.js",
      "fileHash": "806260ac",
      "needsInterop": false
    }
  },
  "chunks": {
    "chunk-ZR26LSTW": {
      "file": "chunk-ZR26LSTW.js"
    },
    "chunk-QKJW5HAI": {
      "file": "chunk-QKJW5HAI.js"
    },
    "chunk-VMLZM2P5": {
      "file": "chunk-VMLZM2P5.js"
    },
    "chunk-H4B2EABD": {
      "file": "chunk-H4B2EABD.js"
    }
  }
}