{
  "hash": "4e360dfa",
  "configHash": "cc72d8d2",
  "lockfileHash": "79e33705",
  "browserHash": "3e847b85",
  "optimized": {
    "@angular/common": {
      "src": "../../../../../node_modules/@angular/common/fesm2022/common.mjs",
      "file": "@angular_common.js",
      "fileHash": "5497ff8b",
      "needsInterop": false
    },
    "@angular/common/http": {
      "src": "../../../../../node_modules/@angular/common/fesm2022/http.mjs",
      "file": "@angular_common_http.js",
      "fileHash": "806bf9f1",
      "needsInterop": false
    },
    "@angular/core": {
      "src": "../../../../../node_modules/@angular/core/fesm2022/core.mjs",
      "file": "@angular_core.js",
      "fileHash": "df478e64",
      "needsInterop": false
    },
    "@angular/platform-browser": {
      "src": "../../../../../node_modules/@angular/platform-browser/fesm2022/platform-browser.mjs",
      "file": "@angular_platform-browser.js",
      "fileHash": "73ad6f28",
      "needsInterop": false
    },
    "@angular/router": {
      "src": "../../../../../node_modules/@angular/router/fesm2022/router.mjs",
      "file": "@angular_router.js",
      "fileHash": "32e037c3",
      "needsInterop": false
    },
    "socket.io-client": {
      "src": "../../../../../node_modules/socket.io-client/build/esm/index.js",
      "file": "socket__io-client.js",
      "fileHash": "362e7874",
      "needsInterop": false
    }
  },
  "chunks": {
    "chunk-XOAXGFLB": {
      "file": "chunk-XOAXGFLB.js"
    },
    "chunk-RBL7JVGM": {
      "file": "chunk-RBL7JVGM.js"
    },
    "chunk-WD5KPD7S": {
      "file": "chunk-WD5KPD7S.js"
    },
    "chunk-4A2ZXJMH": {
      "file": "chunk-4A2ZXJMH.js"
    },
    "chunk-GLLL6ZVE": {
      "file": "chunk-GLLL6ZVE.js"
    }
  }
}