{
  "hash": "f44b942a",
  "browserHash": "59d8b26d",
  "optimized": {
    "@angular/common": {
      "src": "../../../../../node_modules/@angular/common/fesm2022/common.mjs",
      "file": "@angular_common.js",
      "fileHash": "cd883e54",
      "needsInterop": false
    },
    "@angular/core": {
      "src": "../../../../../node_modules/@angular/core/fesm2022/core.mjs",
      "file": "@angular_core.js",
      "fileHash": "fca97c70",
      "needsInterop": false
    },
    "@angular/forms": {
      "src": "../../../../../node_modules/@angular/forms/fesm2022/forms.mjs",
      "file": "@angular_forms.js",
      "fileHash": "dd1f17b7",
      "needsInterop": false
    },
    "@angular/platform-browser": {
      "src": "../../../../../node_modules/@angular/platform-browser/fesm2022/platform-browser.mjs",
      "file": "@angular_platform-browser.js",
      "fileHash": "95615ffd",
      "needsInterop": false
    },
    "@angular/router": {
      "src": "../../../../../node_modules/@angular/router/fesm2022/router.mjs",
      "file": "@angular_router.js",
      "fileHash": "2ff5e74a",
      "needsInterop": false
    }
  },
  "chunks": {
    "chunk-6YAA32QX": {
      "file": "chunk-6YAA32QX.js"
    },
    "chunk-KGEAT5EH": {
      "file": "chunk-KGEAT5EH.js"
    },
    "chunk-THWPMT2E": {
      "file": "chunk-THWPMT2E.js"
    }
  }
}